dataset,seed,checkpoint,n_images,mae,rmse,nae,game1,game2,game3,ngame1,ngame2,ngame3,mean_relative_abs_error,mean_relative_game1,mean_relative_game2,mean_relative_game3,spatial_sinkhorn_mean,spatial_sinkhorn_median,js_divergence_mean,js_divergence_median,centroid_error_mean,centroid_error_median,true_total,pred_total
arroyowaste,7,best_mae,11,50.56717664545233,77.32684355913251,0.6173572920515223,62.684553146362305,72.65292497114702,84.63918061689897,0.7652941799624535,0.8869946078716561,1.03333068629624,0.9421125988717072,1.1213713034053034,1.3120580746922719,1.524951696158678,0.09480638531121341,0.07281386852264404,0.4467037889090451,0.422958105802536,0.07825219935991547,0.06831280887126923,901.0000371932983,585.1313810348511
arroyowaste,7,best_game2,11,50.5515910061923,76.98859792877975,0.6171670123347818,61.59096423062411,71.79079818725586,83.50188480723988,0.7519429284901527,0.8764691980699602,1.0194458323674647,0.9135811601950117,1.078678847520858,1.2774929252513079,1.4861304036460936,0.09220199286937714,0.07109522819519043,0.4467443715442311,0.43354326486587524,0.07531820178370584,0.06123916432261467,901.0000371932983,569.3181886672974
arroyowaste,7,best_rel_game2,11,56.07066791707819,82.46745505544072,0.6845475267783349,64.65143117037687,72.98147010803223,81.46013537320223,0.7893071182210992,0.8910057026070073,0.9945188147789008,0.7501424694581242,0.941206238460576,1.1084589290523768,1.3107961366827816,0.09679958630691875,0.1027689278125763,0.45575906471772626,0.4474940896034241,0.07132950789210471,0.07312428206205368,901.0000371932983,402.11700963974
arroyowaste,17,best_mae,11,52.96198238026012,77.73861266113926,0.6465946527567964,63.01664577830922,73.28212321888317,84.81115167791194,0.7693485848466037,0.8946762731761968,1.0354302219156117,0.9454854251098085,1.0989291051439771,1.289153385139941,1.5286188659122546,0.09918599643490532,0.08676892518997192,0.4648175700144334,0.4875495731830597,0.08020401792600751,0.06604423373937607,901.0000371932983,555.8363161087036
arroyowaste,17,best_game2,11,52.89212400263006,78.2239437835075,0.6457417758176073,63.517071984030984,72.88918720592152,84.7036177895286,0.7754581165177533,0.8898790523502771,1.0341173776055252,0.9653360899840725,1.1227148829696967,1.2948327180244463,1.5345891088622645,0.09564541280269623,0.07817703485488892,0.45306698842482135,0.4590621590614319,0.07843076810240746,0.0820874571800232,901.0000371932983,565.3613653182983
arroyowaste,17,best_rel_game2,11,52.89212400263006,78.2239437835075,0.6457417758176073,63.517071984030984,72.88918720592152,84.7036177895286,0.7754581165177533,0.8898790523502771,1.0341173776055252,0.9653360899840725,1.1227148829696967,1.2948327180244463,1.5345891088622645,0.09564541280269623,0.07817703485488892,0.45306698842482135,0.4590621590614319,0.07843076810240746,0.0820874571800232,901.0000371932983,565.3613653182983
arroyowaste,27,best_mae,11,48.774873993613504,61.23857213482913,0.5954756845527678,73.36215331337668,99.24201861294833,114.21829986572266,0.8956533331130321,1.211611719954046,1.3944519940717872,1.3116369045878384,1.5645522999304946,1.8710061733744103,2.104196491148759,0.15200764482671564,0.12478561699390411,0.5053733641451056,0.5181500911712646,0.10041334920308807,0.06902288645505905,901.0000371932983,947.8963775634766
arroyowaste,27,best_game2,11,54.183879765597254,80.97642995918362,0.661512378266085,64.26250284368342,73.09085967323996,82.32399905811657,0.7845588258603631,0.8923412022380989,1.0050654298086392,0.8048140323567584,0.9985766077818128,1.1687443308730676,1.3636144086444848,0.09616882557218726,0.07969063520431519,0.45062190294265747,0.4247790575027466,0.07609071108427914,0.08705466985702515,901.0000371932983,472.591833114624
arroyowaste,27,best_rel_game2,11,53.11994726007635,80.54830840475535,0.6485231917204476,62.28900961442427,70.88295329700817,80.3664533441717,0.7604651248329198,0.8653856316099267,0.981166426518394,0.6592419683079555,0.8565667244108941,1.0128941556526307,1.229634292178363,0.1015871532938697,0.10725809633731842,0.45864363692023535,0.4345772862434387,0.07418144295330752,0.055812641978263855,901.0000371932983,401.21632862091064
abd,7,best_mae,11,50.245913765647195,74.26009666337706,0.6134351038917251,57.76729306307706,69.28336368907581,82.76716995239258,0.7052610404693267,0.845856791475727,1.010475951047042,0.9475194791875912,1.049653469296114,1.2787578285721237,1.4978176228552507,0.08262754299423912,0.05631667375564575,0.4316148487004367,0.45175260305404663,0.06914749076928604,0.05052240565419197,901.0000371932983,684.4187059402466
abd,7,best_game2,11,49.39741446755149,75.31471153178511,0.6030760673836607,56.663940082896836,68.68534677678889,80.98250718550248,0.6917905828877822,0.8385558083862612,0.9886876162796602,0.8310147900876619,0.9408597556955979,1.2050719001057555,1.4018489397471017,0.08734585073861209,0.06023675203323364,0.4426642791791396,0.47929608821868896,0.07435669987039133,0.05504917725920677,901.0000371932983,613.0251626968384
abd,7,best_rel_game2,11,49.20018568905917,78.86877920433743,0.6006681689665044,57.814910888671875,67.88354717601429,78.51190636374734,0.705842390147374,0.8287669124434874,0.9585248993901422,0.6353487151535956,0.8116845163247784,1.0251586078736563,1.2289838498317862,0.08429256623441522,0.06112228333950043,0.4424677111885764,0.428073525428772,0.06790309001437643,0.06571970134973526,901.0000371932983,467.7375946044922
abd,17,best_mae,11,46.37752056121826,71.19543556791811,0.5662072198826713,55.04971122741699,66.82293822548606,78.51849677345969,0.6720830172082162,0.8158183020392599,0.958605359438803,0.7802791142702638,0.907174403301163,1.1488819722519306,1.3253285006614324,0.08138032528487119,0.058419495820999146,0.4213580001484264,0.38472262024879456,0.06921597227284854,0.058657336980104446,901.0000371932983,616.1440734863281
abd,17,best_game2,11,46.69349765777588,72.24654236206264,0.5700648757302349,55.76256890730424,67.42536960948597,78.68991765108976,0.680786051786535,0.8231731798976915,0.9606981780582168,0.7862813906980677,0.9140807468058604,1.1542698570501544,1.334918572359016,0.08178692649711262,0.06298521161079407,0.42131576212969696,0.38373228907585144,0.06970879291607575,0.05498981848359108,901.0000371932983,597.7449474334717
abd,17,best_rel_game2,11,50.945838408036664,79.17998024083069,0.621980243457166,59.81388993696733,69.59417724609375,77.68271324851297,0.7302472387861678,0.8496514074425006,0.9484015654378026,0.6062187190284002,0.8050842657187599,1.015576985461941,1.1779248231799682,0.09353767877275293,0.07808253169059753,0.43341924385590985,0.4213619828224182,0.0776946038346399,0.06172061711549759,901.0000371932983,421.8877286911011
abd,27,best_mae,11,49.235084620389074,75.55899847387332,0.6010942380328551,58.41777940229936,70.15254176746716,82.89388171109286,0.7132026047712938,0.8564682881101644,1.0120229313890685,0.9088047159621687,1.04736865033019,1.2788650591975304,1.500575142893249,0.08497474274852058,0.0628582239151001,0.4305526885119351,0.41146084666252136,0.07572527754713189,0.05197587236762047,901.0000371932983,653.2741851806641
abd,27,best_game2,11,48.362484671852805,76.36270706689757,0.5904409649610809,57.93647575378418,69.70695825056596,81.21822461214933,0.7073265338333177,0.851028311990761,0.9915654093829683,0.7982291254699118,0.9552041111813279,1.1990782774831807,1.4090245165984627,0.08836268701336601,0.07527953386306763,0.43525521050799976,0.4172099232673645,0.07908604768189517,0.056086163967847824,901.0000371932983,595.4775018692017
abd,27,best_rel_game2,11,48.362484671852805,76.36270706689757,0.5904409649610809,57.93647575378418,69.70695825056596,81.21822461214933,0.7073265338333177,0.851028311990761,0.9915654093829683,0.7982291254699118,0.9552041111813279,1.1990782774831807,1.4090245165984627,0.08836268701336601,0.07527953386306763,0.43525521050799976,0.4172099232673645,0.07908604768189517,0.056086163967847824,901.0000371932983,595.4775018692017
